model,target,response,pairs,computations,pairs_by_seed,neutral_suggested,misleading_suggested,neutral_correct,misleading_correct,neutral_parsed,misleading_parsed,excess_mean,excess_lo,excess_hi,neutral_correct_mean,neutral_correct_lo,neutral_correct_hi,misleading_correct_mean,misleading_correct_lo,misleading_correct_hi,neutral_parsed_mean,neutral_parsed_lo,neutral_parsed_hi,misleading_parsed_mean,misleading_parsed_lo,misleading_parsed_hi
llama32-3b,v1,names_equations,600,200,"{""11"": 200, ""13"": 200, ""7"": 200}",0,0,600,600,600,600,0.0,0.0,0.0,1.0,1.0,1.0,1.0,1.0,1.0,1.0,1.0,1.0,1.0,1.0,1.0
llama32-3b,v1,no_names_equations,600,200,"{""11"": 200, ""13"": 200, ""7"": 200}",0,0,594,594,600,600,0.0,0.0,0.0,0.99,0.98,0.9983333333333333,0.99,0.9816666666666667,0.9966666666666667,1.0,1.0,1.0,1.0,1.0,1.0
llama32-3b,v1,names_values,600,200,"{""11"": 200, ""13"": 200, ""7"": 200}",11,11,398,402,600,596,0.0,-0.013333333333333334,0.013333333333333334,0.6633333333333333,0.6166666666666667,0.71,0.67,0.625,0.7183333333333334,1.0,1.0,1.0,0.9933333333333333,0.9866666666666667,0.9983333333333333
llama32-3b,v1,no_names_values,600,200,"{""11"": 200, ""13"": 200, ""7"": 200}",42,47,134,125,600,600,0.008333333333333333,-0.011666666666666667,0.028333333333333332,0.22333333333333333,0.18,0.2683333333333333,0.20833333333333334,0.16833333333333333,0.25166666666666665,1.0,1.0,1.0,1.0,1.0,1.0
llama32-3b,v2,names_equations,600,200,"{""11"": 200, ""13"": 200, ""7"": 200}",0,0,600,600,600,600,0.0,0.0,0.0,1.0,1.0,1.0,1.0,1.0,1.0,1.0,1.0,1.0,1.0,1.0,1.0
llama32-3b,v2,no_names_equations,600,200,"{""11"": 200, ""13"": 200, ""7"": 200}",1,0,594,597,600,600,-0.0016666666666666668,-0.005,0.0,0.99,0.98,0.9983333333333333,0.995,0.9866666666666667,1.0,1.0,1.0,1.0,1.0,1.0,1.0
llama32-3b,v2,names_values,600,200,"{""11"": 200, ""13"": 200, ""7"": 200}",14,17,398,411,600,599,0.005,-0.01,0.02,0.6633333333333333,0.6166666666666667,0.71,0.685,0.64,0.73,1.0,1.0,1.0,0.9983333333333333,0.995,1.0
llama32-3b,v2,no_names_values,600,200,"{""11"": 200, ""13"": 200, ""7"": 200}",31,38,134,129,600,600,0.011666666666666667,-0.008333333333333333,0.03166666666666667,0.22333333333333333,0.18,0.2683333333333333,0.215,0.175,0.2567083333333335,1.0,1.0,1.0,1.0,1.0,1.0
llama31-8b,v1,names_equations,600,200,"{""11"": 200, ""13"": 200, ""7"": 200}",0,0,600,600,600,600,0.0,0.0,0.0,1.0,1.0,1.0,1.0,1.0,1.0,1.0,1.0,1.0,1.0,1.0,1.0
llama31-8b,v1,no_names_equations,600,200,"{""11"": 200, ""13"": 200, ""7"": 200}",0,0,600,600,600,600,0.0,0.0,0.0,1.0,1.0,1.0,1.0,1.0,1.0,1.0,1.0,1.0,1.0,1.0,1.0
llama31-8b,v1,names_values,600,200,"{""11"": 200, ""13"": 200, ""7"": 200}",10,8,507,495,600,600,-0.0033333333333333335,-0.013333333333333334,0.005,0.845,0.8066250000000001,0.8833333333333333,0.825,0.7783333333333333,0.8683333333333333,1.0,1.0,1.0,1.0,1.0,1.0
llama31-8b,v1,no_names_values,600,200,"{""11"": 200, ""13"": 200, ""7"": 200}",29,26,228,219,600,600,-0.005,-0.021666666666666667,0.01,0.38,0.32166666666666666,0.43833333333333335,0.365,0.30833333333333335,0.42333333333333334,1.0,1.0,1.0,1.0,1.0,1.0
llama31-8b,v2,names_equations,600,200,"{""11"": 200, ""13"": 200, ""7"": 200}",0,0,600,600,600,600,0.0,0.0,0.0,1.0,1.0,1.0,1.0,1.0,1.0,1.0,1.0,1.0,1.0,1.0,1.0
llama31-8b,v2,no_names_equations,600,200,"{""11"": 200, ""13"": 200, ""7"": 200}",0,0,600,600,600,600,0.0,0.0,0.0,1.0,1.0,1.0,1.0,1.0,1.0,1.0,1.0,1.0,1.0,1.0,1.0
llama31-8b,v2,names_values,600,200,"{""11"": 200, ""13"": 200, ""7"": 200}",12,7,507,521,600,600,-0.008333333333333333,-0.02,0.0,0.845,0.8066250000000001,0.8833333333333333,0.8683333333333333,0.8283333333333334,0.9066666666666666,1.0,1.0,1.0,1.0,1.0,1.0
llama31-8b,v2,no_names_values,600,200,"{""11"": 200, ""13"": 200, ""7"": 200}",24,25,228,216,600,600,0.0016666666666666668,-0.011666666666666667,0.015,0.38,0.32166666666666666,0.43833333333333335,0.36,0.30333333333333334,0.41833333333333333,1.0,1.0,1.0,1.0,1.0,1.0
olmo2-1b-it,v1,names_equations,600,200,"{""11"": 200, ""13"": 200, ""7"": 200}",0,1,598,568,600,595,0.0016666666666666668,0.0,0.005,0.9966666666666667,0.9916666666666667,1.0,0.9466666666666667,0.92,0.97,1.0,1.0,1.0,0.9916666666666667,0.9816666666666667,0.9983333333333333
olmo2-1b-it,v1,no_names_equations,600,200,"{""11"": 200, ""13"": 200, ""7"": 200}",7,8,404,266,600,600,0.0016666666666666668,-0.008333333333333333,0.011666666666666667,0.6733333333333333,0.62,0.7233333333333334,0.44333333333333336,0.38666666666666666,0.49833333333333335,1.0,1.0,1.0,1.0,1.0,1.0
olmo2-1b-it,v1,names_values,600,200,"{""11"": 200, ""13"": 200, ""7"": 200}",40,39,148,154,600,600,-0.0016666666666666668,-0.028333333333333332,0.025,0.24666666666666667,0.20333333333333334,0.295,0.25666666666666665,0.21166666666666667,0.30333333333333334,1.0,1.0,1.0,1.0,1.0,1.0
olmo2-1b-it,v1,no_names_values,600,200,"{""11"": 200, ""13"": 200, ""7"": 200}",46,30,113,119,600,600,-0.02666666666666667,-0.05,-0.005,0.18833333333333332,0.155,0.22333333333333333,0.19833333333333333,0.16166666666666665,0.23666666666666666,1.0,1.0,1.0,1.0,1.0,1.0
olmo2-1b-it,v2,names_equations,600,200,"{""11"": 200, ""13"": 200, ""7"": 200}",0,2,598,561,600,600,0.0033333333333333335,0.0,0.008333333333333333,0.9966666666666667,0.9916666666666667,1.0,0.935,0.91,0.9583333333333334,1.0,1.0,1.0,1.0,1.0,1.0
olmo2-1b-it,v2,no_names_equations,600,200,"{""11"": 200, ""13"": 200, ""7"": 200}",7,7,404,321,600,600,0.0,-0.011666666666666667,0.011666666666666667,0.6733333333333333,0.62,0.7233333333333334,0.535,0.48,0.59,1.0,1.0,1.0,1.0,1.0,1.0
olmo2-1b-it,v2,names_values,600,200,"{""11"": 200, ""13"": 200, ""7"": 200}",36,28,148,151,600,599,-0.013333333333333334,-0.03833333333333333,0.011666666666666667,0.24666666666666667,0.20333333333333334,0.295,0.25166666666666665,0.205,0.3,1.0,1.0,1.0,0.9983333333333333,0.995,1.0
olmo2-1b-it,v2,no_names_values,600,200,"{""11"": 200, ""13"": 200, ""7"": 200}",38,28,113,110,600,600,-0.016666666666666666,-0.04,0.006666666666666667,0.18833333333333332,0.155,0.22333333333333333,0.18333333333333332,0.14833333333333334,0.22166666666666668,1.0,1.0,1.0,1.0,1.0,1.0
