model,target,comparison,competence_matched,change_by_seed,excess_change_mean,excess_change_lo,excess_change_hi,neutral_accuracy_change_mean,neutral_accuracy_change_lo,neutral_accuracy_change_hi
llama32-3b,v1,no_names_equations minus names_equations,True,"{""11"": 0.0, ""13"": 0.0, ""7"": 0.0}",0.0,0.0,0.0,-0.01,-0.018333333333333333,-0.0033333333333333335
llama32-3b,v1,no_names_values minus names_values,False,"{""11"": 0.005, ""13"": 0.02, ""7"": 0.0}",0.008333333333333333,-0.016666666666666666,0.03166666666666667,-0.44,-0.48833333333333334,-0.395
llama32-3b,v1,names_equations minus names_values,False,"{""11"": 0.005, ""13"": 0.0, ""7"": -0.005}",0.0,-0.013333333333333334,0.013333333333333334,0.33666666666666667,0.2966666666666667,0.375
llama32-3b,v1,no_names_equations minus no_names_values,False,"{""11"": 0.0, ""13"": -0.02, ""7"": -0.005}",-0.008333333333333333,-0.028333333333333332,0.011666666666666667,0.7666666666666667,0.73,0.8033333333333333
llama32-3b,v2,no_names_equations minus names_equations,True,"{""11"": 0.0, ""13"": 0.0, ""7"": -0.005}",-0.0016666666666666668,-0.005,0.0,-0.01,-0.018333333333333333,-0.0033333333333333335
llama32-3b,v2,no_names_values minus names_values,False,"{""11"": 0.035, ""13"": 0.01, ""7"": -0.025}",0.006666666666666667,-0.02,0.03166666666666667,-0.44,-0.48833333333333334,-0.395
llama32-3b,v2,names_equations minus names_values,False,"{""11"": -0.005, ""13"": 0.01, ""7"": -0.02}",-0.005,-0.02,0.01,0.33666666666666667,0.2966666666666667,0.375
llama32-3b,v2,no_names_equations minus no_names_values,False,"{""11"": -0.04, ""13"": 0.0, ""7"": 0.0}",-0.013333333333333334,-0.03333333333333333,0.006666666666666667,0.7666666666666667,0.73,0.8033333333333333
llama31-8b,v1,no_names_equations minus names_equations,True,"{""11"": 0.0, ""13"": 0.0, ""7"": 0.0}",0.0,0.0,0.0,0.0,0.0,0.0
llama31-8b,v1,no_names_values minus names_values,False,"{""11"": -0.03, ""13"": 0.005, ""7"": 0.02}",-0.0016666666666666668,-0.018333333333333333,0.015,-0.465,-0.5116666666666667,-0.41833333333333333
llama31-8b,v1,names_equations minus names_values,False,"{""11"": -0.015, ""13"": 0.005, ""7"": 0.02}",0.0033333333333333335,-0.005,0.013333333333333334,0.155,0.12166666666666667,0.18833333333333332
llama31-8b,v1,no_names_equations minus no_names_values,False,"{""11"": 0.015, ""13"": 0.0, ""7"": 0.0}",0.005,-0.01,0.021666666666666667,0.62,0.57,0.6683333333333333
llama31-8b,v2,no_names_equations minus names_equations,True,"{""11"": 0.0, ""13"": 0.0, ""7"": 0.0}",0.0,0.0,0.0,0.0,0.0,0.0
llama31-8b,v2,no_names_values minus names_values,False,"{""11"": 0.01, ""13"": 0.005, ""7"": 0.015}",0.01,-0.005,0.025,-0.465,-0.5116666666666667,-0.41833333333333333
llama31-8b,v2,names_equations minus names_values,False,"{""11"": 0.01, ""13"": 0.005, ""7"": 0.01}",0.008333333333333333,0.0,0.02,0.155,0.12166666666666667,0.18833333333333332
llama31-8b,v2,no_names_equations minus no_names_values,False,"{""11"": 0.0, ""13"": 0.0, ""7"": -0.005}",-0.0016666666666666668,-0.015,0.011666666666666667,0.62,0.57,0.6683333333333333
olmo2-1b-it,v1,no_names_equations minus names_equations,False,"{""11"": 0.0, ""13"": -0.005, ""7"": 0.005}",0.0,-0.01,0.01,-0.3233333333333333,-0.36833333333333335,-0.28
olmo2-1b-it,v1,no_names_values minus names_values,False,"{""11"": -0.035, ""13"": -0.005, ""7"": -0.035}",-0.025,-0.06,0.008333333333333333,-0.058333333333333334,-0.09666666666666666,-0.021666666666666667
olmo2-1b-it,v1,names_equations minus names_values,False,"{""11"": -0.04, ""13"": 0.035, ""7"": 0.015}",0.0033333333333333335,-0.023333333333333334,0.03,0.75,0.7083333333333334,0.7883333333333333
olmo2-1b-it,v1,no_names_equations minus no_names_values,False,"{""11"": -0.005, ""13"": 0.035, ""7"": 0.055}",0.028333333333333332,0.0033333333333333335,0.05333333333333334,0.485,0.43666666666666665,0.5316666666666666
olmo2-1b-it,v2,no_names_equations minus names_equations,False,"{""11"": -0.01, ""13"": -0.005, ""7"": 0.005}",-0.0033333333333333335,-0.016666666666666666,0.01,-0.3233333333333333,-0.36833333333333335,-0.28
olmo2-1b-it,v2,no_names_values minus names_values,False,"{""11"": -0.01, ""13"": -0.04, ""7"": 0.04}",-0.0033333333333333335,-0.03333333333333333,0.02666666666666667,-0.058333333333333334,-0.09666666666666666,-0.021666666666666667
olmo2-1b-it,v2,names_equations minus names_values,False,"{""11"": 0.015, ""13"": 0.005, ""7"": 0.03}",0.016666666666666666,-0.008333333333333333,0.041666666666666664,0.75,0.7083333333333334,0.7883333333333333
olmo2-1b-it,v2,no_names_equations minus no_names_values,False,"{""11"": 0.015, ""13"": 0.04, ""7"": -0.005}",0.016666666666666666,-0.01,0.041666666666666664,0.485,0.43666666666666665,0.5316666666666666
